Natural_Compound,Synthetic_Compound,Cluster,Tanimoto_Similarity,MolWt_Diff,LogP_Diff,TPSA_Diff,HDonors_Diff,HAcceptors_Diff
NC(N)=NC1=NC(CSCCC(N)=NS(N)(=O)=O)=CS1,C1=C(N=C(S1)N=C(N)N)CSCCC(=NS(=O)(=O)N)N,0,1.0,5.684341886080802e-14,0.0,2.842170943040401e-14,0,0
OC1OC[C@@H](O)[C@H](O)[C@H]1O,C1C(C(C(C(O1)O)O)O)O,0,1.0,0.0,4.440892098500626e-16,0.0,0,0
OCC1=CC=CC=C1O[C@@H]1O[C@H](CO)[C@@H](O)[C@H](O)[C@H]1O,C1=CC=C(C(=C1)CO)OC2C(C(C(C(O2)CO)O)O)O,0,1.0,0.0,2.220446049250313e-16,0.0,0,0
CC(=O)OCC1=C(C(=O)O)N2C(=O)[C@@H](NC(=O)CCC[C@@H](N)C(=O)O)[C@H]2SC1,CC(=O)OCC1=C(N2C(C(C2=O)NC(=O)CCCC(C(=O)O)N)SC1)C(=O)O,0,1.0,5.684341886080802e-14,6.661338147750939e-16,0.0,0,0
CCOC(=O)C=C(C)C=CC=C(C)C=CC1=C(C)C=C(OC)C(C)=C1C,CCOC(=O)C=C(C)C=CC=C(C)C=CC1=C(C(=C(C=C1C)OC)C)C,2,1.0,0.0,0.0,0.0,0,0
CC(=O)[C@H]1CC[C@H]2[C@@H]3CCC4=CC(=O)CC[C@]4(C)[C@H]3CC[C@]12C,CC(=O)C1CCC2C1(CCC3C2CCC4=CC(=O)CCC34C)C,2,1.0,5.684341886080802e-14,0.0,0.0,0,0
C[C@]12CC[C@@H]3C4=CC=C(O)C=C4CC[C@H]3[C@@H]1CC[C@@H]2O,CC12CCC3C(C1CCC2O)CCC4=C3C=CC(=C4)O,4,1.0,5.684341886080802e-14,0.0,0.0,0,0
COC1=CC=CC2=C1C(=O)C1=C(O)C3=C(C[C@@](O)(C(=O)CO)C[C@@H]3O[C@H]3C[C@H](N)[C@@H](O)[C@H](C)O3)C(O)=C1C2=O,CC1C(C(CC(O1)OC2CC(CC3=C2C(=C4C(=C3O)C(=O)C5=C(C4=O)C(=CC=C5)OC)O)(C(=O)CO)O)N)O,6,1.0,1.1368683772161603e-13,9.996344030316351e-17,0.0,0,0
COC1=CC=CC2=C1C(=O)C1=C(O)C3=C(C[C@@](O)(C(=O)CO)C[C@@H]3O[C@H]3C[C@H](N)[C@H](O)[C@H](C)O3)C(O)=C1C2=O,CC1C(C(CC(O1)OC2CC(CC3=C2C(=C4C(=C3O)C(=O)C5=C(C4=O)C(=CC=C5)OC)O)(C(=O)CO)O)N)O,6,1.0,1.1368683772161603e-13,9.996344030316351e-17,0.0,0,0
CO[C@H]1C[C@@H]2CC[C@@H](C)[C@@](O)(O2)C(=O)C(=O)N2CCCC[C@H]2C(=O)O[C@H]([C@H](C)C[C@@H]2CC[C@@H](OP(C)(C)=O)[C@H](OC)C2)CC(=O)[C@H](C)/C=C(/C)[C@@H](O)[C@@H](OC)C(=O)[C@H](C)C[C@H](C)/C=C/C=C/C=C/1C,CC1CCC2CC(C(=CC=CC=CC(CC(C(=O)C(C(C(=CC(C(=O)CC(OC(=O)C3CCCCN3C(=O)C(=O)C1(O2)O)C(C)CC4CCC(C(C4)OC)O)C)C)O)OC)C)C)C)OC,7,0.8727272727272727,76.03499999999997,1.562000000000003,6.07000000000005,1,1
CO[C@H]1C[C@@H]2CC[C@@H](C)[C@@](O)(O2)C(=O)C(=O)N2CCCC[C@H]2C(=O)O[C@H]([C@H](C)C[C@@H]2CC[C@@H](O)[C@H](OC)C2)CC[C@H](C)/C=C(/C)[C@@H](O)[C@@H](OC)C(=O)[C@H](C)C[C@H](C)/C=C/C=C/C=C/1C,CC1CCC2CC(C(=CC=CC=CC(CC(C(=O)C(C(C(=CC(C(=O)CC(OC(=O)C3CCCCN3C(=O)C(=O)C1(O2)O)C(C)CC4CCC(C(C4)OC)O)C)C)O)OC)C)C)C)OC,7,0.8857142857142857,13.983000000000061,0.8210000000000024,17.069999999999993,0,1
CC[C@]1(O)C[C@@H]2CN(CCC3=C(NC4=CC=CC=C34)[C@@](C(=O)OC)(C3=CC4=C(C=C3OC)N(C)[C@H]3[C@@](O)(C(=O)OC)[C@H](OC(C)=O)[C@]5(CC)C=CCN6CC[C@]43[C@@H]65)C2)C1,CCC1(CC2CC(C3=C(CCN(C2)C1)C4=CC=CC=C4N3)(C5=C(C=C6C(=C5)C78CCN9C7C(C=CC9)(C(C(C8N6C=O)(C(=O)OC)O)OC(=O)C)CC)OC)C(=O)OC)O,7,0.883495145631068,13.983000000000402,0.4733999999999998,17.069999999999993,0,0
CO[C@H]1C[C@@H]2CC[C@@H](C)[C@@](O)(O2)C(=O)C(=O)N2CCCC[C@H]2C(=O)O[C@H]([C@H](C)C[C@@H]2CC[C@H](N3C=NN=N3)[C@H](OC)C2)CC(=O)[C@H](C)/C=C(/C)[C@@H](O)[C@@H](OC)C(=O)[C@H](C)C[C@H](C)/C=C/C=C/C=C/1C,CC1CCC2CC(C(=CC=CC=CC(CC(C(=O)C(C(C(=CC(C(=O)CC(OC(=O)C3CCCCN3C(=O)C(=O)C1(O2)O)C(C)CC4CCC(C(C4)OC)O)C)C)O)OC)C)C)C)OC,7,0.8347826086956521,52.039999999999964,0.133099999999998,23.370000000000005,1,3
COC1=CC=CC(OC)=C1C(=O)N[C@@H]1C(=O)N2[C@@H]1SC(C)(C)[C@@H]2C(=O)O,CC1(C(N2C(S1)C(C2=O)NC(=O)C3=C(C=CC=C3OC)OC)C(=O)O)C,9,1.0,5.684341886080802e-14,0.0,0.0,0,0
O=C1O[C@H](CO)[C@@H](O)[C@H](O)[C@H]1O,C(C1C(C(C(C(=O)O1)O)O)O)O,10,1.0,0.0,2.220446049250313e-15,0.0,0,0
NC1=NC(=O)N([C@@H]2C[C@@H](O)[C@H](CO)O2)C=C1,C1C(C(OC1N2C=CC(=NC2=O)N)CO)O,10,1.0,0.0,4.440892098500626e-16,0.0,0,0
C[C@H](CCC(=O)O)[C@H]1CC[C@H]2[C@@H]3[C@H](O)C[C@@H]4C[C@H](O)CC[C@]4(C)[C@H]3C[C@H](O)[C@]12C,CC(CCC(=O)O)C1CCC2C1(C(CC3C2C(CC4C3(CCC(C4)O)C)O)O)C,13,1.0,0.0,8.881784197001252e-16,0.0,0,0
C[C@H](CCC(=O)O)[C@H]1CC[C@H]2[C@@H]3[C@H](O)C[C@@H]4C[C@H](O)CC[C@]4(C)[C@H]3CC[C@]12C,CC(CCC(=O)O)C1CCC2C1(CCC3C2C(CC4C3(CCC(C4)O)C)O)C,13,1.0,5.684341886080802e-14,1.7763568394002505e-15,0.0,0,0
C[C@H](CCC(=O)O)[C@H]1CC[C@H]2[C@@H]3[C@H](O)C[C@@H]4C[C@H](O)CC[C@]4(C)[C@H]3CC[C@]12C,CC(CCC(=O)NCC(=O)O)C1CCC2C1(CCC3C2C(CC4C3(CCC(C4)O)C)O)C,13,0.8,57.051999999999964,0.8838000000000026,29.099999999999994,1,1
CN(N=O)C(=O)N[C@H]1C(O)O[C@H](CO)[C@@H](O)[C@@H]1O,CN(C(=O)NC1C(C(C(OC1O)CO)O)O)N=O,16,1.0,0.0,1.7763568394002505e-15,2.842170943040401e-14,0,0
COC1=CC=C2CN(C)CC[C@@]34C=C[C@H](O)C[C@@H]3OC1=C24,CN1CCC23C=CC(CC2OC4=C(C=CC(=C34)C1)OC)O,17,1.0,5.684341886080802e-14,4.440892098500626e-16,0.0,0,0
OC[C@H]1O[C@@H](O[C@H]2[C@H](O)[C@@H](O)[C@H](O)O[C@@H]2CO)[C@H](O)[C@@H](O)[C@H]1O,C(C1C(C(C(C(O1)OC2C(OC(C(C2O)O)O)CO)O)O)O)O,19,1.0,0.0,8.881784197001252e-16,0.0,0,0
CC(C)CCC[C@@H](C)[C@H]1CC[C@H]2[C@@H]3CC=C4C[C@@H](O)CC[C@]4(C)[C@H]3CC[C@]12C,CC(C)CCCC(C)C1CCC2C1(CCC3C2CC=C4C3(CCC(C4)O)C)C,20,1.0,5.684341886080802e-14,8.881784197001252e-16,0.0,0,0
C=C1CC[C@H](O)C/C1=C/C=C1\CCC[C@]2(C)[C@@H]([C@H](C)CCCC(C)C)CC[C@@H]12,CC(C)CCCC(C)C1CCC2C1(CCCC2=CC=C3CC(CCC3=C)O)C,20,1.0,0.0,1.7763568394002505e-15,0.0,0,0
O=C(O)C1=CC(=O)NC(=O)N1,C1=C(NC(=O)NC1=O)C(=O)O,22,1.0,2.842170943040401e-14,0.0,1.4210854715202004e-14,0,0
CC(C=CC1=C(C)CCCC1(C)C)=CC=CC(C)=CC(=O)O,CC1=C(C(CCC1)(C)C)C=CC(=CC=CC(=CC(=O)O)C)C,25,1.0,0.0,0.0,0.0,0,0
CC(C=CC1=C(C)CCCC1(C)C)=CC=CC(C)=CCO,CC1=C(C(CCC1)(C)C)C=CC(=CC=CC(=CCO)C)C,25,1.0,0.0,0.0,0.0,0,0
CN1C(=O)C2=C(N=CN2)N(C)C1=O,CN1C2=C(C(=O)N(C1=O)C)NC=N2,31,1.0,0.0,0.0,0.0,0,0
NC(=O)C1=CC=C[N+]([C@@H]2O[C@H](COP(=O)([O-])OP(=O)(O)OC[C@H]3O[C@@H](N4C=NC5=C(N)N=CN=C54)[C@H](O)[C@@H]3O)[C@@H](O)[C@H]2O)=C1,C1=CC(=C[N+](=C1)C2C(C(C(O2)COP(=O)([O-])OP(=O)(O)OCC3C(C(C(O3)N4C=NC5=C(N=CN=C54)N)O)O)O)O)C(=O)N,33,1.0,2.2737367544323206e-13,8.881784197001252e-16,1.1368683772161603e-13,0,0
CC[C@H]1OC(=O)[C@H](C)[C@@H](O[C@H]2C[C@@](C)(OC)[C@@H](O)[C@H](C)O2)[C@H](C)[C@@H](O[C@@H]2O[C@H](C)C[C@H](N(C)C)[C@H]2O)[C@](C)(O)C[C@@H](C)/C(=N/OC)[C@H](C)[C@@H](O)[C@]1(C)O,CCC1C(C(C(C(=O)C(CC(C(C(C(C(C(=O)O1)C)OC2CC(C(C(O2)C)O)(C)OC)C)OC3C(C(CC(O3)C)N(C)C)O)(C)O)C)C)O)(C)O,34,0.8452380952380952,29.041999999999916,0.43330000000000046,4.52000000000001,0,1
CC[C@H]1OC(=O)[C@H](C)[C@@H](O[C@H]2C[C@@](C)(OC)[C@@H](O)[C@H](C)O2)[C@H](C)[C@@H](O[C@@H]2O[C@H](C)C[C@H](N(C)C)[C@H]2OC(C)=O)[C@](C)(O)C[C@@H](C)C(=O)[C@H](C)[C@@H](O)[C@]1(C)O,CCC1C(C(C(C(=O)C(CC(C(C(C(C(C(=O)O1)C)OC2CC(C(C(O2)C)O)(C)OC)C)OC3C(C(CC(O3)C)N(C)C)O)(C)O)C)C)O)(C)O,34,0.8452380952380952,42.03699999999992,0.5708000000000006,6.069999999999993,1,1
C[C@H]1O[C@@H](O[C@H]2[C@@H](O)C[C@H](O[C@H]3[C@@H](O)C[C@H](O[C@H]4CC[C@@]5(C)[C@H](CC[C@@H]6[C@@H]5C[C@@H](O)[C@]5(C)[C@@H](C7=CC(=O)OC7)CC[C@]65O)C4)O[C@@H]3C)O[C@@H]2C)C[C@H](O)[C@@H]1O,CC1C(C(CC(O1)OC2C(OC(CC2O)OC3C(OC(CC3O)OC4CCC5(C(C4)CCC6C5CC(C7(C6(CCC7C8=CC(=O)OC8)O)C)O)C)C)C)O)O,34,1.0,1.1368683772161603e-13,4.440892098500626e-16,0.0,0,0
C[C@H]1O[C@@H](O[C@H]2[C@@H](O)C[C@H](O[C@H]3[C@@H](O)C[C@H](O[C@H]4CC[C@@]5(C)[C@H](CC[C@@H]6[C@@H]5CC[C@]5(C)[C@@H](C7=CC(=O)OC7)CC[C@]65O)C4)O[C@@H]3C)O[C@@H]2C)C[C@H](O)[C@@H]1O,CC1C(C(CC(O1)OC2C(OC(CC2O)OC3C(OC(CC3O)OC4CCC5(C(C4)CCC6C5CC(C7(C6(CCC7C8=CC(=O)OC8)O)C)O)C)C)C)O)O,34,0.8133333333333334,15.999000000000024,1.029199999999999,20.22999999999999,1,1
CO[C@H]1/C=C/O[C@@]2(C)OC3=C(C)C(O)=C4C(O)=C(NC(=O)/C(C)=C\C=C\[C@H](C)[C@H](O)[C@@H](C)[C@@H](O)[C@@H](C)[C@H](OC(C)=O)[C@@H]1C)C(/C=N/N1CCN(C5CCCC5)CC1)=C(O)C4=C3C2=O,CC1C=CC=C(C(=O)NC2=C(C(=C3C(=C2O)C(=C(C4=C3C(=O)C(O4)(OC=CC(C(C(C(C(C(C1O)C)O)C)OC(=O)C)C)OC)C)C)O)O)C=NN5CCN(CC5)C)C,34,0.87,54.09199999999976,1.3128000000000029,0.0,0,0
CCOC(=O)O[C@H]1[C@H](O[C@@H]2[C@@H](C)[C@H](O[C@H]3C[C@@](C)(OC)[C@@H](O)[C@H](C)O3)[C@@H](C)C(=O)O[C@H](CC)[C@@](C)(O)[C@H](O)[C@@H](C)C(=O)[C@H](C)C[C@@]2(C)O)O[C@H](C)C[C@@H]1N(C)C,CCC1C(C(C(C(=O)C(CC(C(C(C(C(C(=O)O1)C)OC2CC(C(C(O2)C)O)(C)OC)C)OC3C(C(CC(O3)C)N(C)C)O)(C)O)C)C)O)(C)O,34,0.8160919540229885,72.06299999999987,1.180800000000001,15.300000000000011,1,2
CO[C@@]1(NC(=O)CSCC#N)C(=O)N2C(C(=O)[O-])=C(CSC3=NN=NN3C)CS[C@@H]21.[Na+],CN1C(=NN=N1)SCC2=C(N3C(C(C3=O)(NC(=O)CSCC#N)OC)SC2)C(=O)O,37,0.8648648648648649,21.981999999999914,4.330699999999997,2.829999999999984,1,1
